id,word,meaning
1,the,el la los
2,be,ser o estar
3,to,a hacia para
4,of,de
5,and,y e
6,a,un una
7,in,en dentro
8,that,que eso aquel
9,have,tener haber
10,I,yo
11,it,eso lo la
12,for,para por
13,not,no
14,on,en sobre
15,with,con
16,he,él
17,as,como tan
18,you,tú usted
19,do,hacer
20,at,en a
21,this,este esta esto
22,but,pero sino
23,his,su de él
24,by,por de junto
25,from,de desde
26,they,ellos ellas
27,we,nosotros
28,say,decir
29,her,su de ella
30,she,ella
31,or,o u
32,an,un una
33,will,voluntad futuro
34,my,mi mis
35,one,uno un
36,all,todo todos
37,would,condicional de verbo
38,there,ahí allí
39,their,su de ellos
40,what,qué lo que
41,so,así tan
42,up,arriba
43,out,fuera
44,if,si condicional
45,about,sobre acerca de
46,who,quien quienes
47,get,obtener
48,which,cual
49,go,ir
50,me,me mí
51,when,cuando
52,make,hacer crear
53,can,poder
54,like,gustar como
55,time,tiempo hora
56,no,no
57,just,solo justo
58,him,él a él
59,know,saber conocer
60,take,tomar llevar
61,people,gente personas
62,into,hacia adentro
63,year,año
64,your,tu tus
65,good,bueno bien
66,some,algunos algo
67,could,podría
68,them,ellos a ellos
69,see,ver
70,other,otro
71,than,que (comparativo)
72,then,entonces luego
73,now,ahora
74,look,mirar
75,only,solo solamente
76,come,venir
77,its,su (de eso)
78,over,sobre encima
79,think,pensar creer
80,also,también
81,back,atrás espalda
82,after,después de
83,use,usar uso
84,two,dos
85,how,cómo
86,our,nuestro
87,work,trabajo trabajar
88,first,primero
89,well,bien pozo
90,way,camino manera
91,even,incluso par
92,new,nuevo
93,want,querer
94,because,porque
95,any,cualquier alguno
96,these,estos estas
97,give,dar
98,day,día
99,most,la mayoría
100,us,nosotros a nosotros
